,0
0,Dreams & Nightmares Case
1,Fracture Case
2,Revolution Case
3,Paris 2023 Contenders Sticker Capsule
4,Snakebite Case
5,Operation Breakout Weapon Case
6,Recoil Case
7,Danger Zone Case
8,Prisma 2 Case
9,Glove Case
10,Paris 2023 Legends Sticker Capsule
11,Chroma 3 Case
12,Gamma 2 Case
13,Chroma 2 Case
14,Spectrum 2 Case
15,Clutch Case
16,Revolver Case
17,Gamma Case
18,Prisma Case
19,Anubis Collection Package
20,Spectrum Case
21,Operation Phoenix Weapon Case
22,Chroma Case
23,Horizon Case
24,CS:GO Weapon Case
25,Paris 2023 Challengers Sticker Capsule
26,"Music Kit | Perfect World, 花脸 Hua Lian (Painted Face)"
27,AUG | Contractor (Field-Tested)
28,CS20 Case
29,Paris 2023 Challengers Autograph Capsule
30,Paris 2023 Mirage Souvenir Package
31,Shadow Case
32,Operation Wildfire Case
33,AK-47 | Ice Coaled (Field-Tested)
34,AK-47 | Slate (Field-Tested)
35,Paris 2023 Contenders Autograph Capsule
36,Desert Eagle | Printstream (Field-Tested)
37,Operation Bravo Case
38,AWP | Chromatic Aberration (Field-Tested)
39,AK-47 | Slate (Minimal Wear)
40,AWP | Duality (Field-Tested)
41,Glock-18 | Vogue (Field-Tested)
42,AK-47 | Phantom Disruptor (Field-Tested)
43,USP-S | Printstream (Battle-Scarred)
44,AK-47 | Nightwish (Field-Tested)
45,AK-47 | Nightwish (Battle-Scarred)
46,USP-S | Cortex (Field-Tested)
47,Sticker | MOUZ (Gold) | Paris 2023
48,AK-47 | Head Shot (Field-Tested)
49,M4A4 | The Emperor (Battle-Scarred)
50,AWP | Atheris (Field-Tested)
51,AWP | Asiimov (Field-Tested)
52,Falchion Case
53,AK-47 | Redline (Field-Tested)
54,Sticker | FURIA (Holo) | Paris 2023
55,M4A1-S | Night Terror (Field-Tested)
56,Desert Eagle | Mecha Industries (Field-Tested)
57,AK-47 | Slate (Well-Worn)
58,AK-47 | Frontside Misty (Field-Tested)
59,AWP | Neo-Noir (Field-Tested)
60,Nova | Sand Dune (Factory New)
61,Operation Broken Fang Case
62,AK-47 | Asiimov (Field-Tested)
63,AK-47 | Neon Revolution (Field-Tested)
64,AK-47 | Legion of Anubis (Minimal Wear)
65,USP-S | Kill Confirmed (Battle-Scarred)
66,AK-47 | Legion of Anubis (Field-Tested)
67,★ Shadow Daggers | Rust Coat (Battle-Scarred)
68,MAG-7 | Foresight (Minimal Wear)
69,AK-47 | Head Shot (Battle-Scarred)
70,USP-S | Printstream (Field-Tested)
71,M4A1-S | Nightmare (Field-Tested)
72,Operation Riptide Case
73,AK-47 | The Empress (Well-Worn)
74,M4A4 | Temukau (Battle-Scarred)
75,Paris 2023 Legends Autograph Capsule
76,AK-47 | Ice Coaled (Minimal Wear)
77,Huntsman Weapon Case
78,SSG 08 | Acid Fade (Factory New)
79,AWP | Chromatic Aberration (Battle-Scarred)
80,Sticker | G2 Esports (Holo) | Stockholm 2021
81,StatTrak™ AK-47 | Ice Coaled (Field-Tested)
82,P90 | Cold Blooded (Factory New)
83,USP-S | Neo-Noir (Battle-Scarred)
84,Sticker | MOUZ (Holo) | Paris 2023
85,M4A1-S | Decimator (Minimal Wear)
86,Operation Hydra Case
87,AK-47 | Elite Build (Field-Tested)
88,Blackwolf | Sabre
89,AWP | Mortis (Field-Tested)
90,Desert Eagle | Mecha Industries (Minimal Wear)
91,AK-47 | The Empress (Field-Tested)
92,M4A1-S | Emphorosaur-S (Field-Tested)
93,USP-S | The Traitor (Battle-Scarred)
94,M4A4 | Neo-Noir (Field-Tested)
95,AK-47 | Frontside Misty (Battle-Scarred)
96,Sticker | Apeks (Holo) | Paris 2023
97,AK-47 | Nightwish (Minimal Wear)
98,Dual Berettas | Melondrama (Field-Tested)
99,Sticker | MOUZ (Glitter) | Paris 2023
100,AWP | Atheris (Well-Worn)
101,AWP | Atheris (Minimal Wear)
102,AK-47 | Slate (Battle-Scarred)
103,'The Doctor' Romanov | Sabre
104,M4A1-S | Night Terror (Minimal Wear)
105,AK-47 | Elite Build (Well-Worn)
106,Operation Hydra Case Key
107,Seal Team 6 Soldier | NSWC SEAL
108,AWP | Chromatic Aberration (Minimal Wear)
109,M4A1-S | Nitro (Field-Tested)
110,USP-S | Cyrex (Field-Tested)
111,M4A4 | Desolate Space (Field-Tested)
112,USP-S | Cortex (Minimal Wear)
113,M4A1-S | Cyrex (Minimal Wear)
114,Bloody Darryl The Strapped | The Professionals
115,Michael Syfers  | FBI Sniper
116,Sticker | Bad News Eagles (Glitter) | Antwerp 2022
117,M4A1-S | Leaded Glass (Field-Tested)
118,Shattered Web Case
119,★ Hydra Gloves | Mangrove (Field-Tested)
120,MAC-10 | Sakkaku (Field-Tested)
121,Sticker | Fluxo (Holo) | Paris 2023
122,Paris 2023 Champions Autograph Capsule
123,USP-S | Ticket to Hell (Minimal Wear)
124,UMP-45 | Gold Bismuth (Field-Tested)
125,Rio 2022 Legends Sticker Capsule
126,M4A1-S | Nitro (Minimal Wear)
127,AK-47 | The Empress (Minimal Wear)
128,AK-47 | Safety Net (Field-Tested)
129,Desert Eagle | Trigger Discipline (Minimal Wear)
130,Buckshot | NSWC SEAL
131,Operator | FBI SWAT
132,Operation Vanguard Weapon Case
133,USP-S | Cortex (Well-Worn)
134,CS:GO Weapon Case 3
135,Sir Bloody Silent Darryl | The Professionals
136,AWP | Duality (Minimal Wear)
137,USP-S | Ticket to Hell (Field-Tested)
138,AK-47 | Elite Build (Minimal Wear)
139,Rezan The Ready | Sabre
140,AWP | Neo-Noir (Factory New)
141,AK-47 | Neon Rider (Field-Tested)
142,MP9 | Food Chain (Field-Tested)
143,M4A1-S | Night Terror (Battle-Scarred)
144,Sticker Capsule 2
145,AK-47 | Aquamarine Revenge (Battle-Scarred)
146,Rio 2022 Contenders Sticker Capsule
147,USP-S | The Traitor (Well-Worn)
148,AWP | Duality (Battle-Scarred)
149,Dual Berettas | Urban Shock (Field-Tested)
150,AWP | Atheris (Well-Worn)
151,AWP | Atheris (Minimal Wear)
152,AK-47 | Slate (Battle-Scarred)
153,'The Doctor' Romanov | Sabre
154,M4A1-S | Night Terror (Minimal Wear)
155,AK-47 | Elite Build (Well-Worn)
156,Operation Hydra Case Key
157,Seal Team 6 Soldier | NSWC SEAL
158,AWP | Chromatic Aberration (Minimal Wear)
159,M4A1-S | Nitro (Field-Tested)
160,USP-S | Cyrex (Field-Tested)
161,M4A4 | Desolate Space (Field-Tested)
162,USP-S | Cortex (Minimal Wear)
163,M4A1-S | Cyrex (Minimal Wear)
164,Bloody Darryl The Strapped | The Professionals
165,Michael Syfers  | FBI Sniper
166,Sticker | Bad News Eagles (Glitter) | Antwerp 2022
167,M4A1-S | Leaded Glass (Field-Tested)
168,Shattered Web Case
169,★ Hydra Gloves | Mangrove (Field-Tested)
170,MAC-10 | Sakkaku (Field-Tested)
171,Sticker | Fluxo (Holo) | Paris 2023
172,Paris 2023 Champions Autograph Capsule
173,USP-S | Ticket to Hell (Minimal Wear)
174,UMP-45 | Gold Bismuth (Field-Tested)
175,Rio 2022 Legends Sticker Capsule
176,M4A1-S | Nitro (Minimal Wear)
177,AK-47 | The Empress (Minimal Wear)
178,AK-47 | Safety Net (Field-Tested)
179,Desert Eagle | Trigger Discipline (Minimal Wear)
180,Buckshot | NSWC SEAL
181,Operator | FBI SWAT
182,Operation Vanguard Weapon Case
183,USP-S | Cortex (Well-Worn)
184,CS:GO Weapon Case 3
185,Sir Bloody Silent Darryl | The Professionals
186,AWP | Duality (Minimal Wear)
187,USP-S | Ticket to Hell (Field-Tested)
188,AK-47 | Elite Build (Minimal Wear)
189,Rezan The Ready | Sabre
190,AWP | Neo-Noir (Factory New)
191,AK-47 | Neon Rider (Field-Tested)
192,MP9 | Food Chain (Field-Tested)
193,M4A1-S | Night Terror (Battle-Scarred)
194,Sticker Capsule 2
195,AK-47 | Aquamarine Revenge (Battle-Scarred)
196,Rio 2022 Contenders Sticker Capsule
197,USP-S | The Traitor (Well-Worn)
198,AWP | Duality (Battle-Scarred)
199,Dual Berettas | Urban Shock (Field-Tested)
200,AK-47 | Uncharted (Field-Tested)
201,M4A4 | Evil Daimyo (Field-Tested)
202,Glock-18 | High Beam (Factory New)
203,M4A4 | Tooth Fairy (Field-Tested)
204,Sticker | FaZe Clan (Holo) | Paris 2023
205,M4A1-S | Emphorosaur-S (Minimal Wear)
206,AWP | Black Nile (Field-Tested)
207,Antwerp 2022 Challengers Sticker Capsule
208,StatTrak™ AK-47 | Slate (Well-Worn)
209,Desert Eagle | Light Rail (Field-Tested)
210,AWP | Worm God (Field-Tested)
211,Elite Trapper Solman | Guerrilla Warfare
212,AWP | Worm God (Minimal Wear)
213,Antwerp 2022 Contenders Sticker Capsule
214,Special Agent Ava | FBI
215,MP9 | Mount Fuji (Field-Tested)
216,AK-47 | Point Disarray (Minimal Wear)
217,AWP | Capillary (Minimal Wear)
218,AWP | Worm God (Factory New)
219,AK-47 | Slate (Factory New)
220,Glock-18 | Neo-Noir (Well-Worn)
221,Desert Eagle | Printstream (Battle-Scarred)
222,MAC-10 | Neon Rider (Field-Tested)
223,USP-S | Cyrex (Minimal Wear)
224,M4A1-S | Mecha Industries (Field-Tested)
225,Markus Delrow | FBI HRT
226,Nova | Predator (Field-Tested)
227,M4A4 | Neo-Noir (Minimal Wear)
228,Desert Eagle | Trigger Discipline (Field-Tested)
229,Lt. Commander Ricksaw | NSWC SEAL
230,MP7 | Neon Ply (Field-Tested)
231,AWP | PAW (Factory New)
232,Glock-18 | Candy Apple (Factory New)
233,AK-47 | Nightwish (Well-Worn)
234,Ground Rebel  | Elite Crew
235,M4A4 | The Emperor (Field-Tested)
236,Name Tag
237,AK-47 | Head Shot (Well-Worn)
238,Osiris | Elite Crew
239,Rio 2022 Dust II Souvenir Package
240,PP-Bizon | Sand Dashed (Well-Worn)
241,AK-47 | Point Disarray (Battle-Scarred)
242,Maximus | Sabre
243,Glock-18 | Moonrise (Field-Tested)
244,Galil AR | Chromatic Aberration (Field-Tested)
245,MP9 | Starlight Protector (Field-Tested)
246,M4A4 | Spider Lily (Field-Tested)
247,Safecracker Voltzmann | The Professionals
248,"Music Kit | The Verkkars, EZ4ENCE"
249,USP-S | Ticket to Hell (Battle-Scarred)
250,AK-47 | Uncharted (Field-Tested)
251,M4A4 | Evil Daimyo (Field-Tested)
252,Glock-18 | High Beam (Factory New)
253,M4A4 | Tooth Fairy (Field-Tested)
254,Sticker | FaZe Clan (Holo) | Paris 2023
255,M4A1-S | Emphorosaur-S (Minimal Wear)
256,AWP | Black Nile (Field-Tested)
257,Antwerp 2022 Challengers Sticker Capsule
258,StatTrak™ AK-47 | Slate (Well-Worn)
259,Desert Eagle | Light Rail (Field-Tested)
260,AWP | Worm God (Field-Tested)
261,Elite Trapper Solman | Guerrilla Warfare
262,AWP | Worm God (Minimal Wear)
263,Antwerp 2022 Contenders Sticker Capsule
264,Special Agent Ava | FBI
265,MP9 | Mount Fuji (Field-Tested)
266,AK-47 | Point Disarray (Minimal Wear)
267,AWP | Capillary (Minimal Wear)
268,AWP | Worm God (Factory New)
269,AK-47 | Slate (Factory New)
270,Glock-18 | Neo-Noir (Well-Worn)
271,Desert Eagle | Printstream (Battle-Scarred)
272,MAC-10 | Neon Rider (Field-Tested)
273,USP-S | Cyrex (Minimal Wear)
274,M4A1-S | Mecha Industries (Field-Tested)
275,Markus Delrow | FBI HRT
276,Nova | Predator (Field-Tested)
277,M4A4 | Neo-Noir (Minimal Wear)
278,Desert Eagle | Trigger Discipline (Field-Tested)
279,Lt. Commander Ricksaw | NSWC SEAL
280,MP7 | Neon Ply (Field-Tested)
281,AWP | PAW (Factory New)
282,Glock-18 | Candy Apple (Factory New)
283,AK-47 | Nightwish (Well-Worn)
284,Ground Rebel  | Elite Crew
285,M4A4 | The Emperor (Field-Tested)
286,Name Tag
287,AK-47 | Head Shot (Well-Worn)
288,Osiris | Elite Crew
289,Rio 2022 Dust II Souvenir Package
290,PP-Bizon | Sand Dashed (Well-Worn)
291,AK-47 | Point Disarray (Battle-Scarred)
292,Maximus | Sabre
293,Glock-18 | Moonrise (Field-Tested)
294,Galil AR | Chromatic Aberration (Field-Tested)
295,MP9 | Starlight Protector (Field-Tested)
296,M4A4 | Spider Lily (Field-Tested)
297,Safecracker Voltzmann | The Professionals
298,"Music Kit | The Verkkars, EZ4ENCE"
299,USP-S | Ticket to Hell (Battle-Scarred)
300,AUG | Stymphalian (Field-Tested)
301,USP-S | Check Engine (Minimal Wear)
302,Sticker | MOUZ | Paris 2023
303,Rio 2022 Challengers Sticker Capsule
304,Sticker | Complexity Gaming (Holo) | Paris 2023
305,M4A4 | Evil Daimyo (Minimal Wear)
306,StatTrak™ USP-S | Ticket to Hell (Field-Tested)
307,StatTrak™ AK-47 | Slate (Field-Tested)
308,AK-47 | Frontside Misty (Minimal Wear)
309,Glock-18 | Vogue (Minimal Wear)
310,Soldier | Phoenix
311,MP5-SD | Phosphor (Field-Tested)
312,AK-47 | Rat Rod (Field-Tested)
313,Enforcer | Phoenix
314,USP-S | Forest Leaves (Field-Tested)
315,P250 | Visions (Field-Tested)
316,Desert Eagle | Crimson Web (Field-Tested)
317,M4A1-S | Decimator (Field-Tested)
318,M4A1-S | Basilisk (Field-Tested)
319,Desert Eagle | Meteorite (Factory New)
320,10 Year Birthday Sticker Capsule
321,M4A1-S | Player Two (Field-Tested)
322,FAMAS | Mecha Industries (Field-Tested)
323,SCAR-20 | Carbon Fiber (Factory New)
324,Glock-18 | Bullet Queen (Well-Worn)
325,P250 | See Ya Later (Field-Tested)
326,Sticker | ZywOo (Champion) | Paris 2023
327,M4A1-S | Night Terror (Factory New)
328,AWP | Neo-Noir (Minimal Wear)
329,USP-S | The Traitor (Field-Tested)
330,AK-47 | The Empress (Battle-Scarred)
331,Espionage Sticker Capsule
332,Desert Eagle | Code Red (Field-Tested)
333,P2000 | Amber Fade (Factory New)
334,AWP | Neo-Noir (Battle-Scarred)
335,P250 | Asiimov (Field-Tested)
336,Vypa Sista of the Revolution | Guerrilla Warfare
337,AK-47 | Ice Coaled (Factory New)
338,M4A4 | Desolate Space (Well-Worn)
339,Glock-18 | Water Elemental (Minimal Wear)
340,USP-S | Flashback (Field-Tested)
341,Prof. Shahmat | Elite Crew
342,AWP | PAW (Field-Tested)
343,Sir Bloody Darryl Royale | The Professionals
344,The Elite Mr. Muhlik | Elite Crew
345,R8 Revolver | Llama Cannon (Minimal Wear)
346,Glock-18 | Wasteland Rebel (Field-Tested)
347,Sticker | Ten Years (Foil)
348,MAG-7 | Monster Call (Field-Tested)
349,"Music Kit | The Verkkars & n0thing, Flashbang Dance"
350,AUG | Stymphalian (Field-Tested)
351,USP-S | Check Engine (Minimal Wear)
352,Sticker | MOUZ | Paris 2023
353,Rio 2022 Challengers Sticker Capsule
354,Sticker | Complexity Gaming (Holo) | Paris 2023
355,M4A4 | Evil Daimyo (Minimal Wear)
356,StatTrak™ USP-S | Ticket to Hell (Field-Tested)
357,StatTrak™ AK-47 | Slate (Field-Tested)
358,AK-47 | Frontside Misty (Minimal Wear)
359,Glock-18 | Vogue (Minimal Wear)
360,Soldier | Phoenix
361,MP5-SD | Phosphor (Field-Tested)
362,AK-47 | Rat Rod (Field-Tested)
363,Enforcer | Phoenix
364,USP-S | Forest Leaves (Field-Tested)
365,P250 | Visions (Field-Tested)
366,Desert Eagle | Crimson Web (Field-Tested)
367,M4A1-S | Decimator (Field-Tested)
368,M4A1-S | Basilisk (Field-Tested)
369,Desert Eagle | Meteorite (Factory New)
370,10 Year Birthday Sticker Capsule
371,M4A1-S | Player Two (Field-Tested)
372,FAMAS | Mecha Industries (Field-Tested)
373,SCAR-20 | Carbon Fiber (Factory New)
374,Glock-18 | Bullet Queen (Well-Worn)
375,P250 | See Ya Later (Field-Tested)
376,Sticker | ZywOo (Champion) | Paris 2023
377,M4A1-S | Night Terror (Factory New)
378,AWP | Neo-Noir (Minimal Wear)
379,USP-S | The Traitor (Field-Tested)
380,AK-47 | The Empress (Battle-Scarred)
381,Espionage Sticker Capsule
382,Desert Eagle | Code Red (Field-Tested)
383,P2000 | Amber Fade (Factory New)
384,AWP | Neo-Noir (Battle-Scarred)
385,P250 | Asiimov (Field-Tested)
386,Vypa Sista of the Revolution | Guerrilla Warfare
387,AK-47 | Ice Coaled (Factory New)
388,M4A4 | Desolate Space (Well-Worn)
389,Glock-18 | Water Elemental (Minimal Wear)
390,USP-S | Flashback (Field-Tested)
391,Prof. Shahmat | Elite Crew
392,AWP | PAW (Field-Tested)
393,Sir Bloody Darryl Royale | The Professionals
394,The Elite Mr. Muhlik | Elite Crew
395,R8 Revolver | Llama Cannon (Minimal Wear)
396,Glock-18 | Wasteland Rebel (Field-Tested)
397,Sticker | Ten Years (Foil)
398,MAG-7 | Monster Call (Field-Tested)
399,"Music Kit | The Verkkars & n0thing, Flashbang Dance"
400,USP-S | Black Lotus (Field-Tested)
401,StatTrak™ M4A1-S | Emphorosaur-S (Field-Tested)
402,Stockholm 2021 Legends Sticker Capsule
403,Street Soldier | Phoenix
404,MAC-10 | Last Dive (Field-Tested)
405,SSG 08 | Azure Glyph (Field-Tested)
406,Glock-18 | Umbral Rabbit (Minimal Wear)
407,AK-47 | Neon Rider (Battle-Scarred)
408,Sticker | MOUZ (Glitter) | Rio 2022
409,MP7 | Anodized Navy (Factory New)
410,Desert Eagle | Sputnik (Factory New)
411,AK-47 | Uncharted (Minimal Wear)
412,MAC-10 | Silver (Factory New)
413,M4A1-S | Emphorosaur-S (Battle-Scarred)
414,AWP | Phobos (Minimal Wear)
415,USP-S | Torque (Minimal Wear)
416,M4A1-S | Emphorosaur-S (Factory New)
417,2020 RMR Legends
418,AWP | Acheron (Field-Tested)
419,AWP | Mortis (Minimal Wear)
420,P250 | Boreal Forest (Field-Tested)
421,Sticker | Fnatic (Glitter) | Paris 2023
422,AK-47 | Legion of Anubis (Battle-Scarred)
423,Sticker | 9INE (Holo) | Paris 2023
424,P250 | Metallic DDPAT (Factory New)
425,Glock-18 | Moonrise (Minimal Wear)
426,M4A4 | Temukau (Field-Tested)
427,Sticker | Natus Vincere (Holo) | Paris 2023
428,Galil AR | Tuxedo (Minimal Wear)
429,USP-S | Stainless (Field-Tested)
430,AK-47 | Ice Coaled (Battle-Scarred)
431,AWP | Fever Dream (Minimal Wear)
432,USP-S | Cyrex (Factory New)
433,AK-47 | Legion of Anubis (Factory New)
434,StatTrak™ Tec-9 | Rebel (Field-Tested)
435,AUG | Sweeper (Field-Tested)
436,StatTrak™ AK-47 | Uncharted (Factory New)
437,XM1014 | Entombed (Factory New)
438,Sticker | Baby Howl
439,UMP-45 | Carbon Fiber (Factory New)
440,"Music Kit | bbno$, u mad!"
441,USP-S | Cortex (Battle-Scarred)
442,B Squadron Officer | SAS
443,AWP | Sun in Leo (Minimal Wear)
444,AK-47 | Phantom Disruptor (Battle-Scarred)
445,Sticker | 9INE (Glitter) | Paris 2023
446,AWP | Fever Dream (Field-Tested)
447,Antwerp 2022 Contenders Autograph Capsule
448,Desert Eagle | Light Rail (Minimal Wear)
449,StatTrak™ AK-47 | Uncharted (Field-Tested)
450,USP-S | Black Lotus (Field-Tested)
451,StatTrak™ M4A1-S | Emphorosaur-S (Field-Tested)
452,Stockholm 2021 Legends Sticker Capsule
453,Street Soldier | Phoenix
454,MAC-10 | Last Dive (Field-Tested)
455,SSG 08 | Azure Glyph (Field-Tested)
456,Glock-18 | Umbral Rabbit (Minimal Wear)
457,AK-47 | Neon Rider (Battle-Scarred)
458,Sticker | MOUZ (Glitter) | Rio 2022
459,MP7 | Anodized Navy (Factory New)
460,Desert Eagle | Sputnik (Factory New)
461,AK-47 | Uncharted (Minimal Wear)
462,MAC-10 | Silver (Factory New)
463,M4A1-S | Emphorosaur-S (Battle-Scarred)
464,AWP | Phobos (Minimal Wear)
465,USP-S | Torque (Minimal Wear)
466,M4A1-S | Emphorosaur-S (Factory New)
467,2020 RMR Legends
468,AWP | Acheron (Field-Tested)
469,AWP | Mortis (Minimal Wear)
470,P250 | Boreal Forest (Field-Tested)
471,Sticker | Fnatic (Glitter) | Paris 2023
472,AK-47 | Legion of Anubis (Battle-Scarred)
473,Sticker | 9INE (Holo) | Paris 2023
474,P250 | Metallic DDPAT (Factory New)
475,Glock-18 | Moonrise (Minimal Wear)
476,M4A4 | Temukau (Field-Tested)
477,Sticker | Natus Vincere (Holo) | Paris 2023
478,Galil AR | Tuxedo (Minimal Wear)
479,USP-S | Stainless (Field-Tested)
480,AK-47 | Ice Coaled (Battle-Scarred)
481,AWP | Fever Dream (Minimal Wear)
482,USP-S | Cyrex (Factory New)
483,AK-47 | Legion of Anubis (Factory New)
484,StatTrak™ Tec-9 | Rebel (Field-Tested)
485,AUG | Sweeper (Field-Tested)
486,StatTrak™ AK-47 | Uncharted (Factory New)
487,XM1014 | Entombed (Factory New)
488,Sticker | Baby Howl
489,UMP-45 | Carbon Fiber (Factory New)
490,"Music Kit | bbno$, u mad!"
491,USP-S | Cortex (Battle-Scarred)
492,B Squadron Officer | SAS
493,AWP | Sun in Leo (Minimal Wear)
494,AK-47 | Phantom Disruptor (Battle-Scarred)
495,Sticker | 9INE (Glitter) | Paris 2023
496,AWP | Fever Dream (Field-Tested)
497,Antwerp 2022 Contenders Autograph Capsule
498,Desert Eagle | Light Rail (Minimal Wear)
499,StatTrak™ AK-47 | Uncharted (Field-Tested)
500,AUG | Surveillance (Field-Tested)
501,FAMAS | Rapid Eye Movement (Field-Tested)
502,AK-47 | Steel Delta (Field-Tested)
503,'Two Times' McCoy | USAF TACP
504,AK-47 | Emerald Pinstripe (Well-Worn)
505,AWP | Black Nile (Minimal Wear)
506,Jungle Rebel | Elite Crew
507,Glock-18 | Candy Apple (Minimal Wear)
508,SG 553 | Dragon Tech (Minimal Wear)
509,Antwerp 2022 Legends Sticker Capsule
510,Sticker | Spirit (Holo) | 2020 RMR
511,Sticker | TYLOO | 2020 RMR
512,MAC-10 | Disco Tech (Field-Tested)
513,MAG-7 | Metallic DDPAT (Factory New)
514,Little Kev | The Professionals
515,MAC-10 | Last Dive (Factory New)
516,Sticker | Fnatic (Foil) | 2020 RMR
517,AK-47 | Elite Build (Battle-Scarred)
518,Stockholm 2021 Contenders Sticker Capsule
519,USP-S | Ticket to Hell (Factory New)
520,3rd Commando Company | KSK
521,AWP | Acheron (Minimal Wear)
522,P250 | Valence (Minimal Wear)
523,Desert Eagle | Meteorite (Minimal Wear)
524,M4A1-S | Nightmare (Minimal Wear)
525,AWP | Exoskeleton (Well-Worn)
526,StatTrak™ M4A1-S | Night Terror (Field-Tested)
527,Sticker | Fnatic (Holo) | Paris 2023
528,M4A4 | Neo-Noir (Battle-Scarred)
529,AWP | Fever Dream (Battle-Scarred)
530,Sticker | Team Liquid (Holo) | Paris 2023
531,Sticker | Into The Breach (Holo) | Paris 2023
532,Galil AR | Rocket Pop (Minimal Wear)
533,M4A1-S | VariCamo (Field-Tested)
534,'Two Times' McCoy | TACP Cavalry
535,StatTrak™ AK-47 | Elite Build (Field-Tested)
536,Antwerp 2022 Challengers Autograph Capsule
537,Paris 2023 Ancient Souvenir Package
538,MP5-SD | Kitbash (Field-Tested)
539,Dual Berettas | Contractor (Field-Tested)
540,M4A4 | 龍王 (Dragon King) (Minimal Wear)
541,P90 | Vent Rush (Field-Tested)
542,SG 553 | Dragon Tech (Field-Tested)
543,AWP | Exoskeleton (Field-Tested)
544,StatTrak™ AWP | Atheris (Field-Tested)
545,M4A4 | In Living Color (Battle-Scarred)
546,M4A1-S | Leaded Glass (Minimal Wear)
547,StatTrak™ AK-47 | Elite Build (Minimal Wear)
548,Sawed-Off | Kiss♥Love (Field-Tested)
549,M4A1-S | Player Two (Battle-Scarred)
550,AUG | Surveillance (Field-Tested)
551,FAMAS | Rapid Eye Movement (Field-Tested)
552,AK-47 | Steel Delta (Field-Tested)
553,'Two Times' McCoy | USAF TACP
554,AK-47 | Emerald Pinstripe (Well-Worn)
555,AWP | Black Nile (Minimal Wear)
556,Jungle Rebel | Elite Crew
557,Glock-18 | Candy Apple (Minimal Wear)
558,SG 553 | Dragon Tech (Minimal Wear)
559,Antwerp 2022 Legends Sticker Capsule
560,Sticker | Spirit (Holo) | 2020 RMR
561,Sticker | TYLOO | 2020 RMR
562,MAC-10 | Disco Tech (Field-Tested)
563,MAG-7 | Metallic DDPAT (Factory New)
564,Little Kev | The Professionals
565,MAC-10 | Last Dive (Factory New)
566,Sticker | Fnatic (Foil) | 2020 RMR
567,AK-47 | Elite Build (Battle-Scarred)
568,Stockholm 2021 Contenders Sticker Capsule
569,USP-S | Ticket to Hell (Factory New)
570,3rd Commando Company | KSK
571,AWP | Acheron (Minimal Wear)
572,P250 | Valence (Minimal Wear)
573,Desert Eagle | Meteorite (Minimal Wear)
574,M4A1-S | Nightmare (Minimal Wear)
575,AWP | Exoskeleton (Well-Worn)
576,StatTrak™ M4A1-S | Night Terror (Field-Tested)
577,Sticker | Fnatic (Holo) | Paris 2023
578,M4A4 | Neo-Noir (Battle-Scarred)
579,AWP | Fever Dream (Battle-Scarred)
580,Sticker | Team Liquid (Holo) | Paris 2023
581,Sticker | Into The Breach (Holo) | Paris 2023
582,Galil AR | Rocket Pop (Minimal Wear)
583,M4A1-S | VariCamo (Field-Tested)
584,'Two Times' McCoy | TACP Cavalry
585,StatTrak™ AK-47 | Elite Build (Field-Tested)
586,Antwerp 2022 Challengers Autograph Capsule
587,Paris 2023 Ancient Souvenir Package
588,MP5-SD | Kitbash (Field-Tested)
589,Dual Berettas | Contractor (Field-Tested)
590,M4A4 | 龍王 (Dragon King) (Minimal Wear)
591,P90 | Vent Rush (Field-Tested)
592,SG 553 | Dragon Tech (Field-Tested)
593,AWP | Exoskeleton (Field-Tested)
594,StatTrak™ AWP | Atheris (Field-Tested)
595,M4A4 | In Living Color (Battle-Scarred)
596,M4A1-S | Leaded Glass (Minimal Wear)
597,StatTrak™ AK-47 | Elite Build (Minimal Wear)
598,Sawed-Off | Kiss♥Love (Field-Tested)
599,M4A1-S | Player Two (Battle-Scarred)
600,Sticker | PGL (Holo) | Antwerp 2022
601,SCAR-20 | Sand Mesh (Field-Tested)
602,AK-47 | Safari Mesh (Minimal Wear)
603,Desert Eagle | Conspiracy (Minimal Wear)
604,SG 553 | Anodized Navy (Factory New)
605,USP-S | Black Lotus (Minimal Wear)
606,AWP | Pit Viper (Field-Tested)
607,Glock-18 | Bullet Queen (Field-Tested)
608,Sticker | Kawaii CT (Holo)
609,Dual Berettas | Flora Carnivora (Field-Tested)
610,P250 | Franklin (Factory New)
611,Desert Eagle | Code Red (Battle-Scarred)
612,AWP | PAW (Minimal Wear)
613,AK-47 | Phantom Disruptor (Minimal Wear)
614,AK-47 | Emerald Pinstripe (Minimal Wear)
615,UMP-45 | Wild Child (Minimal Wear)
616,Sticker | The MongolZ (Holo) | Paris 2023
617,P2000 | Wicked Sick (Field-Tested)
618,P2000 | Amber Fade (Minimal Wear)
619,R8 Revolver | Fade (Field-Tested)
620,Slingshot | Phoenix
621,Sticker | Copenhagen Flames (Holo) | Stockholm 2021
622,Sticker | Apeks (Glitter) | Paris 2023
623,Sticker | Complexity Gaming (Glitter) | Paris 2023
624,StatTrak™ USP-S | Ticket to Hell (Minimal Wear)
625,Glock-18 | Umbral Rabbit (Field-Tested)
626,G3SG1 | Black Sand (Battle-Scarred)
627,Sawed-Off | Amber Fade (Factory New)
628,P2000 | Granite Marbleized (Field-Tested)
629,Desert Eagle | Sputnik (Minimal Wear)
630,P90 | Neoqueen (Field-Tested)
631,"Music Kit | Denzel Curry, ULTIMATE"
632,AWP | Phobos (Factory New)
633,CS20 Sticker Capsule
634,PP-Bizon | Space Cat (Minimal Wear)
635,StatTrak™ AWP | Capillary (Field-Tested)
636,Glock-18 | Water Elemental (Field-Tested)
637,Sticker | Boom | 2020 RMR
638,Tec-9 | Fuel Injector (Field-Tested)
639,G3SG1 | Dream Glade (Field-Tested)
640,Glock-18 | Nuclear Garden (Field-Tested)
641,M4A4 | Spider Lily (Well-Worn)
642,Sawed-Off | Brake Light (Factory New)
643,M4A4 | Converter (Factory New)
644,Galil AR | Connexion (Field-Tested)
645,Desert Eagle | Kumicho Dragon (Field-Tested)
646,CS:GO Weapon Case 2
647,Dragomir | Sabre Footsoldier
648,MP9 | Slide (Field-Tested)
649,1st Lieutenant Farlow | SWAT
650,Sticker | PGL (Holo) | Antwerp 2022
651,SCAR-20 | Sand Mesh (Field-Tested)
652,AK-47 | Safari Mesh (Minimal Wear)
653,Desert Eagle | Conspiracy (Minimal Wear)
654,SG 553 | Anodized Navy (Factory New)
655,USP-S | Black Lotus (Minimal Wear)
656,AWP | Pit Viper (Field-Tested)
657,Glock-18 | Bullet Queen (Field-Tested)
658,Sticker | Kawaii CT (Holo)
659,Dual Berettas | Flora Carnivora (Field-Tested)
660,P250 | Franklin (Factory New)
661,Desert Eagle | Code Red (Battle-Scarred)
662,AWP | PAW (Minimal Wear)
663,AK-47 | Phantom Disruptor (Minimal Wear)
664,AK-47 | Emerald Pinstripe (Minimal Wear)
665,UMP-45 | Wild Child (Minimal Wear)
666,Sticker | The MongolZ (Holo) | Paris 2023
667,P2000 | Wicked Sick (Field-Tested)
668,P2000 | Amber Fade (Minimal Wear)
669,R8 Revolver | Fade (Field-Tested)
670,Slingshot | Phoenix
671,Sticker | Copenhagen Flames (Holo) | Stockholm 2021
672,Sticker | Apeks (Glitter) | Paris 2023
673,Sticker | Complexity Gaming (Glitter) | Paris 2023
674,StatTrak™ USP-S | Ticket to Hell (Minimal Wear)
675,Glock-18 | Umbral Rabbit (Field-Tested)
676,G3SG1 | Black Sand (Battle-Scarred)
677,Sawed-Off | Amber Fade (Factory New)
678,P2000 | Granite Marbleized (Field-Tested)
679,Desert Eagle | Sputnik (Minimal Wear)
680,P90 | Neoqueen (Field-Tested)
681,"Music Kit | Denzel Curry, ULTIMATE"
682,AWP | Phobos (Factory New)
683,CS20 Sticker Capsule
684,PP-Bizon | Space Cat (Minimal Wear)
685,StatTrak™ AWP | Capillary (Field-Tested)
686,Glock-18 | Water Elemental (Field-Tested)
687,Sticker | Boom | 2020 RMR
688,Tec-9 | Fuel Injector (Field-Tested)
689,G3SG1 | Dream Glade (Field-Tested)
690,Glock-18 | Nuclear Garden (Field-Tested)
691,M4A4 | Spider Lily (Well-Worn)
692,Sawed-Off | Brake Light (Factory New)
693,M4A4 | Converter (Factory New)
694,Galil AR | Connexion (Field-Tested)
695,Desert Eagle | Kumicho Dragon (Field-Tested)
696,CS:GO Weapon Case 2
697,Dragomir | Sabre Footsoldier
698,MP9 | Slide (Field-Tested)
699,1st Lieutenant Farlow | SWAT
700,Dragomir | Sabre
701,StatTrak™ AWP | Atheris (Minimal Wear)
702,CZ75-Auto | Jungle Dashed (Well-Worn)
703,MAG-7 | Monster Call (Minimal Wear)
704,AWP | Corticera (Field-Tested)
705,Desert Eagle | Trigger Discipline (Well-Worn)
706,USP-S | Neo-Noir (Field-Tested)
707,AK-47 | Safari Mesh (Field-Tested)
708,Five-SeveN | Boost Protocol (Minimal Wear)
709,Desert Eagle | Mecha Industries (Battle-Scarred)
710,M4A1-S | Flashback (Field-Tested)
711,Sticker | OG (Holo) | Paris 2023
712,SSG 08 | Dragonfire (Field-Tested)
713,Arno The Overgrown | Guerrilla Warfare
714,StatTrak™ AWP | Duality (Field-Tested)
715,M4A4 | Magnesium (Minimal Wear)
716,Five-SeveN | Angry Mob (Field-Tested)
717,AWP | Safari Mesh (Field-Tested)
718,"Sticker | ZywOo (Holo, Champion) | Paris 2023"
719,MP7 | Abyssal Apparition (Minimal Wear)
720,AWP | Mortis (Well-Worn)
721,Sticker | Monte | Paris 2023
722,AK-47 | Uncharted (Factory New)
723,P90 | Vent Rush (Minimal Wear)
724,Winter Offensive Weapon Case
725,M4A4 | In Living Color (Minimal Wear)
726,USP-S | Torque (Field-Tested)
727,Desert Eagle | Naga (Field-Tested)
728,M4A4 | Neo-Noir (Well-Worn)
729,StatTrak™ USP-S | Cortex (Field-Tested)
730,AK-47 | Orbit Mk01 (Minimal Wear)
731,AWP | Capillary (Field-Tested)
732,CZ75-Auto | Army Sheen (Factory New)
733,M4A4 | In Living Color (Field-Tested)
734,Dual Berettas | Cobalt Quartz (Field-Tested)
735,Five-SeveN | Monkey Business (Field-Tested)
736,M4A4 | Griffin (Field-Tested)
737,StatTrak™ M4A4 | Magnesium (Minimal Wear)
738,Dual Berettas | Melondrama (Minimal Wear)
739,SSG 08 | Fever Dream (Field-Tested)
740,Tec-9 | Brother (Field-Tested)
741,StatTrak™ Glock-18 | Vogue (Field-Tested)
742,StatTrak™ Glock-18 | Umbral Rabbit (Field-Tested)
743,"Music Kit | Meechy Darko, Gothic Luxury"
744,M4A1-S | Nitro (Battle-Scarred)
745,Sticker | Into The Breach (Glitter) | Paris 2023
746,M249 | Downtown (Field-Tested)
747,MP7 | Fade (Field-Tested)
748,MP7 | Abyssal Apparition (Field-Tested)
749,M4A1-S | Mud-Spec (Field-Tested)
750,Dragomir | Sabre
751,StatTrak™ AWP | Atheris (Minimal Wear)
752,CZ75-Auto | Jungle Dashed (Well-Worn)
753,MAG-7 | Monster Call (Minimal Wear)
754,AWP | Corticera (Field-Tested)
755,Desert Eagle | Trigger Discipline (Well-Worn)
756,USP-S | Neo-Noir (Field-Tested)
757,AK-47 | Safari Mesh (Field-Tested)
758,Five-SeveN | Boost Protocol (Minimal Wear)
759,Desert Eagle | Mecha Industries (Battle-Scarred)
760,M4A1-S | Flashback (Field-Tested)
761,Sticker | OG (Holo) | Paris 2023
762,SSG 08 | Dragonfire (Field-Tested)
763,Arno The Overgrown | Guerrilla Warfare
764,StatTrak™ AWP | Duality (Field-Tested)
765,M4A4 | Magnesium (Minimal Wear)
766,Five-SeveN | Angry Mob (Field-Tested)
767,AWP | Safari Mesh (Field-Tested)
768,"Sticker | ZywOo (Holo, Champion) | Paris 2023"
769,MP7 | Abyssal Apparition (Minimal Wear)
770,AWP | Mortis (Well-Worn)
771,Sticker | Monte | Paris 2023
772,AK-47 | Uncharted (Factory New)
773,P90 | Vent Rush (Minimal Wear)
774,Winter Offensive Weapon Case
775,M4A4 | In Living Color (Minimal Wear)
776,USP-S | Torque (Field-Tested)
777,Desert Eagle | Naga (Field-Tested)
778,M4A4 | Neo-Noir (Well-Worn)
779,StatTrak™ USP-S | Cortex (Field-Tested)
780,AK-47 | Orbit Mk01 (Minimal Wear)
781,AWP | Capillary (Field-Tested)
782,CZ75-Auto | Army Sheen (Factory New)
783,M4A4 | In Living Color (Field-Tested)
784,Dual Berettas | Cobalt Quartz (Field-Tested)
785,Five-SeveN | Monkey Business (Field-Tested)
786,M4A4 | Griffin (Field-Tested)
787,StatTrak™ M4A4 | Magnesium (Minimal Wear)
788,Dual Berettas | Melondrama (Minimal Wear)
789,SSG 08 | Fever Dream (Field-Tested)
790,Tec-9 | Brother (Field-Tested)
791,StatTrak™ Glock-18 | Vogue (Field-Tested)
792,StatTrak™ Glock-18 | Umbral Rabbit (Field-Tested)
793,"Music Kit | Meechy Darko, Gothic Luxury"
794,M4A1-S | Nitro (Battle-Scarred)
795,Sticker | Into The Breach (Glitter) | Paris 2023
796,M249 | Downtown (Field-Tested)
797,MP7 | Fade (Field-Tested)
798,MP7 | Abyssal Apparition (Field-Tested)
799,M4A1-S | Mud-Spec (Field-Tested)
800,Glock-18 | Vogue (Battle-Scarred)
801,StatTrak™ M4A4 | Magnesium (Field-Tested)
802,StatTrak™ AK-47 | Slate (Minimal Wear)
803,Berlin 2019 Legends Autograph Capsule
804,MP9 | Food Chain (Minimal Wear)
805,Sticker | Entropiq (Holo) | Stockholm 2021
806,AK-47 | Blue Laminate (Minimal Wear)
807,UMP-45 | Plastique (Field-Tested)
808,Chef d'Escadron Rouchard | Gendarmerie Nationale
809,Desert Eagle | Conspiracy (Field-Tested)
810,P2000 | Amber Fade (Field-Tested)
811,Dual Berettas | Contractor (Well-Worn)
812,Tec-9 | Red Quartz (Minimal Wear)
813,Souvenir USP-S | Purple DDPAT (Field-Tested)
814,R8 Revolver | Amber Fade (Field-Tested)
815,SSG 08 | Blue Spruce (Field-Tested)
816,AK-47 | Steel Delta (Factory New)
817,StatTrak™ AK-47 | Uncharted (Minimal Wear)
818,StatTrak™ USP-S | Black Lotus (Field-Tested)
819,AUG | Storm (Field-Tested)
820,Sticker | Natus Vincere (Glitter) | Paris 2023
821,John 'Van Healen' Kask | SWAT
822,Antwerp 2022 Dust II Souvenir Package
823,StatTrak™ AWP | Capillary (Minimal Wear)
824,MAG-7 | Rust Coat (Well-Worn)
825,USP-S | Check Engine (Field-Tested)
826,Sticker | Infinite Triangle (Holo)
827,USP-S | Guardian (Field-Tested)
828,Desert Eagle | Bronze Deco (Factory New)
829,MP7 | Bloodsport (Minimal Wear)
830,Sticker | Natus Vincere (Holo) | 2020 RMR
831,P90 | Sand Spray (Minimal Wear)
832,AWP | Pit Viper (Minimal Wear)
833,AK-47 | Rat Rod (Well-Worn)
834,Dual Berettas | Melondrama (Well-Worn)
835,USP-S | Flashback (Minimal Wear)
836,Sticker | dexter | Paris 2023
837,M4A4 | Tooth Fairy (Minimal Wear)
838,AK-47 | Frontside Misty (Well-Worn)
839,Desert Eagle | Blue Ply (Minimal Wear)
840,Sticker | Lambda
841,AK-47 | Rat Rod (Battle-Scarred)
842,StatTrak™ Desert Eagle | Corinthian (Factory New)
843,Tec-9 | Brother (Minimal Wear)
844,Sticker | Virtus.pro (Foil) | 2020 RMR
845,Sticker | MIBR (Holo) | Antwerp 2022
846,"Music Kit | Knock2, dashstar*"
847,USP-S | Check Engine (Factory New)
848,Sticker | Toxic Flow (Holo)
849,FAMAS | Teardown (Minimal Wear)
850,Glock-18 | Vogue (Battle-Scarred)
851,StatTrak™ M4A4 | Magnesium (Field-Tested)
852,StatTrak™ AK-47 | Slate (Minimal Wear)
853,Berlin 2019 Legends Autograph Capsule
854,MP9 | Food Chain (Minimal Wear)
855,Sticker | Entropiq (Holo) | Stockholm 2021
856,AK-47 | Blue Laminate (Minimal Wear)
857,UMP-45 | Plastique (Field-Tested)
858,Chef d'Escadron Rouchard | Gendarmerie Nationale
859,Desert Eagle | Conspiracy (Field-Tested)
860,P2000 | Amber Fade (Field-Tested)
861,Dual Berettas | Contractor (Well-Worn)
862,Tec-9 | Red Quartz (Minimal Wear)
863,Souvenir USP-S | Purple DDPAT (Field-Tested)
864,R8 Revolver | Amber Fade (Field-Tested)
865,SSG 08 | Blue Spruce (Field-Tested)
866,AK-47 | Steel Delta (Factory New)
867,StatTrak™ AK-47 | Uncharted (Minimal Wear)
868,StatTrak™ USP-S | Black Lotus (Field-Tested)
869,AUG | Storm (Field-Tested)
870,Sticker | Natus Vincere (Glitter) | Paris 2023
871,John 'Van Healen' Kask | SWAT
872,Antwerp 2022 Dust II Souvenir Package
873,StatTrak™ AWP | Capillary (Minimal Wear)
874,MAG-7 | Rust Coat (Well-Worn)
875,USP-S | Check Engine (Field-Tested)
876,Sticker | Infinite Triangle (Holo)
877,USP-S | Guardian (Field-Tested)
878,Desert Eagle | Bronze Deco (Factory New)
879,MP7 | Bloodsport (Minimal Wear)
880,Sticker | Natus Vincere (Holo) | 2020 RMR
881,P90 | Sand Spray (Minimal Wear)
882,AWP | Pit Viper (Minimal Wear)
883,AK-47 | Rat Rod (Well-Worn)
884,Dual Berettas | Melondrama (Well-Worn)
885,USP-S | Flashback (Minimal Wear)
886,Sticker | dexter | Paris 2023
887,M4A4 | Tooth Fairy (Minimal Wear)
888,AK-47 | Frontside Misty (Well-Worn)
889,Desert Eagle | Blue Ply (Minimal Wear)
890,Sticker | Lambda
891,AK-47 | Rat Rod (Battle-Scarred)
892,StatTrak™ Desert Eagle | Corinthian (Factory New)
893,Tec-9 | Brother (Minimal Wear)
894,Sticker | Virtus.pro (Foil) | 2020 RMR
895,Sticker | MIBR (Holo) | Antwerp 2022
896,"Music Kit | Knock2, dashstar*"
897,USP-S | Check Engine (Factory New)
898,Sticker | Toxic Flow (Holo)
899,FAMAS | Teardown (Minimal Wear)
900,"Music Kit | AWOLNATION, I Am"
901,Desert Eagle | Corinthian (Factory New)
902,AK-47 | Point Disarray (Field-Tested)
903,Sticker | Flashblack (Holo)
904,USP-S | Torque (Factory New)
905,StatTrak™ M4A1-S | Night Terror (Minimal Wear)
906,Sticker | FaZe Clan (Glitter) | Paris 2023
907,StatTrak™ USP-S | Cortex (Minimal Wear)
908,FAMAS | Colony (Well-Worn)
909,XM1014 | Incinegator (Field-Tested)
910,AWP | Chromatic Aberration (Well-Worn)
911,PP-Bizon | Space Cat (Field-Tested)
912,UMP-45 | Wild Child (Field-Tested)
913,M4A1-S | Leaded Glass (Battle-Scarred)
914,FAMAS | ZX Spectron (Field-Tested)
915,AK-47 | Cartel (Field-Tested)
916,AUG | Amber Fade (Field-Tested)
917,FAMAS | Contrast Spray (Minimal Wear)
918,AWP | Phobos (Field-Tested)
919,MP9 | Starlight Protector (Battle-Scarred)
920,Glock-18 | Nuclear Garden (Factory New)
921,FAMAS | Rapid Eye Movement (Minimal Wear)
922,SSG 08 | Fever Dream (Minimal Wear)
923,"Warhammer 40,000 Sticker Capsule"
924,UMP-45 | Facility Dark (Field-Tested)
925,Glock-18 | Moonrise (Factory New)
926,MAC-10 | Neon Rider (Minimal Wear)
927,Glock-18 | Bullet Queen (Battle-Scarred)
928,Sticker | FURIA (Glitter) | Paris 2023
929,Galil AR | Chromatic Aberration (Minimal Wear)
930,M4A4 | Converter (Minimal Wear)
931,StatTrak™ Desert Eagle | Trigger Discipline (Field-Tested)
932,CZ75-Auto | Circaetus (Minimal Wear)
933,XM1014 | Zombie Offensive (Factory New)
934,SCAR-20 | Bloodsport (Minimal Wear)
935,Galil AR | Sage Spray (Well-Worn)
936,Sticker | Vitality (Holo) | Stockholm 2021
937,M4A4 | Urban DDPAT (Minimal Wear)
938,M4A4 | Griffin (Minimal Wear)
939,Souvenir MP7 | Prey (Field-Tested)
940,Tec-9 | Groundwater (Field-Tested)
941,Lieutenant Rex Krikey | SEAL Frogman
942,Galil AR | Signal (Factory New)
943,Sealed Graffiti | Oops (Blood Red)
944,G3SG1 | Jungle Dashed (Well-Worn)
945,StatTrak™ Desert Eagle | Trigger Discipline (Minimal Wear)
946,Tec-9 | Red Quartz (Factory New)
947,M4A4 | Converter (Field-Tested)
948,UMP-45 | Wild Child (Battle-Scarred)
949,Stockholm 2021 Mirage Souvenir Package
